region,observations
north,15.32186338
north,14.46966764
north,14.23646438
north,15.57369181
north,15.80087386
north,15.0292475
north,14.6133476
north,15.09136918
north,15.6477214
north,15.53032502
north,16.77715252
north,16.44592632
north,15.8036664
north,13.9825218
north,15.16197468
north,15.89030811
north,12.94963989
north,13.67059894
north,15.59849507
north,15.48126008
north,16.04047895
north,14.22963632
north,15.3692422
north,14.94511333
north,13.54244047
north,16.28679712
north,16.6375192
north,13.92869015
north,15.26618346
north,15.05621764
north,15.50362397
north,14.31122818
north,15.13568294
north,14.80422497
north,14.78066745
north,14.2666536
north,15.69322812
north,15.46317399
north,14.50239139
north,14.18201644
north,15.07171745
north,15.91375311
north,13.94600536
north,15.64682278
north,14.12782671
north,14.64745554
north,15.81135011
north,15.11030353
north,14.40689042
north,14.17988245
north,15.53648405
north,14.44431415
north,13.12390039
north,15.70880378
north,15.35152054
north,14.44116498
north,17.03413881
north,14.10333047
north,15.07677001
north,15.39053396
north,15.19337625
north,13.43424823
north,14.59228109
north,15.66478475
north,16.97775411
north,16.27332491
north,13.64859224
north,16.16332711
north,16.7051183
north,15.95952254
north,15.099928
north,16.35655065
north,15.06079023
north,15.54267893
north,15.60124112
north,14.55657083
north,15.76412351
north,13.2576831
north,14.96519148
north,15.45687541
north,14.49943697
north,15.92898912
north,16.08956555
north,13.72093411
north,15.02646309
north,15.24485107
north,16.4245877
north,14.49854016
north,14.69227302
north,15.95289714
north,15.29854309
north,15.77212548
north,14.23621321
north,16.08827955
north,16.38829403
north,14.01456352
north,15.91278889
north,15.7023118
north,14.73726672
north,14.14638014
north,11.99304118
north,12.30456151
north,14.65225284
north,16.65081689
north,13.34169097
north,14.99868381
north,15.30498945
north,16.37397497
north,14.57675069
north,13.95476891
north,15.03674424
north,15.22105568
north,15.63292525
north,14.16890756
north,15.0390853
north,15.62812829
north,14.90013402
north,14.79994511
north,15.39796667
north,13.60701777
north,15.47799684
north,15.02379347
north,15.23644687
north,15.17522672
north,15.33190844
north,14.91293862
north,15.12814946
north,16.21903576
north,15.52559396
north,14.55577478
north,15.94778231
north,13.41264969
north,14.84344528
north,16.53770877
north,14.14438828
north,16.3884457
north,15.44035636
north,15.15636178
north,15.53576613
north,14.32017746
north,15.55511602
north,14.38077312
north,14.73106927
north,15.75403432
north,15.25319164
north,14.33478062
north,16.0767334
north,14.25216725
north,14.58702738
north,15.30597468
north,15.09421615
north,13.5882084
north,15.95706145
north,15.6102858
north,14.43809885
north,14.95915577
north,14.5077079
north,12.14968048
north,14.83692647
north,14.54576411
north,12.87049135
north,15.95291748
north,14.55714115
north,14.89212564
north,14.09052496
north,14.60465321
north,15.13812206
north,15.85473714
north,15.87631758
north,15.20635525
north,15.93244797
north,14.79609743
north,15.16365193
north,14.948781
north,15.17904976
north,14.65367492
north,14.86298017
north,13.70451415
north,15.84161969
north,14.31959138
north,15.88866798
north,15.35763901
north,15.10568229
north,14.57373891
north,15.49197387
north,14.87351918
north,14.88400755
north,15.1543837
north,16.2770376
north,14.17478909
north,14.4029499
north,13.40545036
north,15.56935749
north,16.76611528
north,15.4935011
north,13.53612523
north,13.6807347
north,14.59835821
north,15.38495297
north,13.88535298
north,14.7240622
north,16.21894538
north,14.77504428
north,13.89555395
north,14.79677118
north,15.5250288
north,15.66128427
north,14.20338104
north,13.77077791
north,15.72748695
north,15.6781271
north,15.02961668
north,13.51120721
north,15.00039627
north,14.3174263
north,14.60202403
north,12.5242127
north,15.26080512
north,15.00001526
north,15.87774145
north,13.99771026
north,17.45369576
north,14.28453749
north,17.15066878
north,13.67081779
north,15.91507547
north,14.587156
north,14.98982946
north,14.10320567
north,15.73478803
north,12.38819076
north,15.90394771
north,16.68357722
north,15.47767067
north,14.37020355
north,14.16622284
north,14.39887764
north,14.85465079
north,16.53150082
north,13.49790471
north,15.3277407
north,15.82538593
north,16.83719126
north,15.10294029
north,14.19254334
north,14.15601045
north,16.2601445
north,15.26385933
north,14.37954296
north,14.81195032
north,14.53319633
north,14.0676599
north,15.19171904
north,14.4473445
north,14.74606015
north,13.58855489
north,12.53180329
north,14.32693812
north,14.74545009
north,14.20039809
north,15.79873744
north,14.72686449
north,16.13015185
north,14.85003917
north,15.01712369
north,14.5928767
north,13.36232598
north,16.67164672
north,14.13141965
north,16.61658719
north,15.99595406
north,15.28098346
north,16.61786569
north,15.38844359
north,16.00845591
north,15.36235916
north,16.02143751
north,15.86834728
north,15.73386557
north,14.74306588
north,14.16920161
north,14.91495776
north,14.80119694
north,13.80012335
north,15.44133021
north,14.03306894
north,14.67095232
north,16.2434323
north,13.20617724
north,15.27869085
north,13.79429342
north,13.44957302
north,15.36783377
north,14.91913955
north,15.75206365
north,14.30029612
north,14.00366149
north,15.07380373
north,14.15383818
north,14.74307094
north,15.99552947
north,14.94001052
north,16.14704018
north,13.37607071
north,13.40879073
north,13.64238918
north,15.19686091
north,14.10224207
north,15.21060497
north,16.43608211
north,16.39997187
north,15.60894452
north,15.95509314
north,13.18916042
north,14.77949792
north,14.8921622
north,14.37784267
north,13.54515402
north,12.51710282
north,15.02133678
north,14.02096578
north,15.10791886
north,15.34023419
north,16.46978115
north,13.5227802
north,15.02146603
north,14.89860597
north,15.35479596
north,13.86872104
north,14.336342
north,15.76455776
north,15.63465647
north,16.004659
north,14.28978426
north,16.50164682
north,15.57609486
north,14.40487271
north,15.80099763
north,14.69152603
north,14.52546493
north,16.05488032
north,16.10611827
north,14.85786338
north,14.23964655
north,15.19275237
north,18.38719952
north,14.00655916
north,16.40560101
north,15.44663296
north,14.90996248
north,15.40464671
north,15.38578499
north,15.32083847
north,14.0936076
north,14.29528597
north,14.14506757
north,14.40601868
north,14.40404607
north,15.03784183
north,13.93656008
north,15.08044519
north,14.58313649
north,14.83005574
north,16.01920068
north,13.63985136
north,14.03785846
north,13.12609501
north,15.52525431
north,16.39331328
north,15.36440092
north,14.21169256
north,16.39704178
north,14.97512914
north,14.46966904
north,16.63410441
north,14.24884963
north,14.72531636
north,13.32234948
north,15.24712877
north,15.7589105
north,15.91173452
north,15.76065277
north,14.85473029
north,16.02385534
north,13.42857353
north,16.4603667
north,15.27379927
north,14.76466634
north,14.15361518
north,14.57326647
north,15.41371785
north,15.24942576
north,13.53876121
north,13.97851267
north,15.37840907
north,14.28209354
north,15.99510088
north,13.55033796
north,15.2791801
north,15.24309244
north,16.20943981
north,14.13418762
north,16.81206978
north,14.00512327
north,14.11812358
north,15.90577694
north,16.14252947
north,15.1969227
north,14.05940328
north,16.96688661
north,12.76332711
north,13.42867076
north,15.03942925
north,11.16855088
north,15.21154569
north,15.96572971
north,16.01771608
north,15.07981565
north,13.24174391
north,14.82306557
north,16.28240521
north,18.09357623
north,14.76198339
north,15.57282452
north,13.26274689
north,14.52341657
north,13.97630544
north,13.53935793
north,14.3643077
north,13.80766496
north,15.12386291
north,15.12718239
north,15.26931279
north,16.71289385
north,14.45322475
north,14.83314533
north,15.01735839
north,15.86037965
north,15.38881894
north,16.28357879
north,15.73373301
north,15.14056366
north,14.49861834
north,14.37303482
north,13.52085221
north,14.85177886
north,15.10558349
north,12.3247136
north,14.92354505
north,13.82668473
north,15.22229969
north,15.6321614
north,16.19356096
north,14.26248653
north,14.98794089
north,12.72286513
north,14.94388769
north,13.68843022
north,14.27046688
north,16.15616503
north,15.91420243
north,15.93239102
north,17.1203047
north,15.01081902
north,15.26714669
north,14.66855253
north,15.7018254
north,14.15947215
north,15.35432935
north,16.16642885
north,13.05121185
north,16.68795788
north,13.93846428
north,15.71183181
north,15.50030774
north,18.05388495
north,16.10424317
north,15.3781791
north,14.46952175
north,14.2295675
north,14.16595693
north,14.67845603
north,14.70156243
north,14.32772222
north,15.36640942
north,13.86510173
north,13.74883674
north,16.42619505
north,13.75235268
north,14.7140935
north,15.02588227
north,16.54317097
north,14.16221208
north,13.73988108
north,14.47994799
north,13.9224229
north,15.34852911
north,15.31667496
north,13.73687354
north,15.24486273
north,16.18144205
north,14.97305029
north,16.0391857
north,15.2701127
north,15.72937266
north,15.94165646
north,14.884117
north,14.43295554
north,14.81499746
north,15.07155585
north,15.84800375
north,15.1209825
north,14.26823527
north,16.93760628
north,14.31659508
north,15.81340295
north,15.99195899
north,15.2576878
north,15.53818223
north,15.30127074
north,17.02392704
north,12.88896642
north,14.06353854
north,14.66804334
north,15.30977086
north,15.90219862
north,15.30348554
north,16.24893782
north,15.90924336
north,13.27080522
north,14.12593305
north,14.29202424
north,14.99702265
north,13.65724187
north,14.71635249
north,13.7112786
north,15.01688601
north,14.28873347
north,15.5197254
north,14.4271375
north,18.03744153
north,15.41549555
north,16.31577823
north,14.00424785
north,15.62384627
north,14.85434454
north,14.8741222
north,15.83243904
north,15.95273024
north,16.75706234
north,15.57175828
north,16.30934271
north,12.58037129
north,16.31540968
north,12.68237368
north,15.94247579
north,16.9558065
north,13.62050858
north,13.79010205
north,16.65139818
north,14.93897657
north,17.11525962
north,14.27070415
north,15.38699573
north,14.78806077
north,13.97098458
north,14.45580195
north,15.05597431
north,15.89145127
north,17.00121404
north,14.00579348
north,15.28274709
north,15.58946206
north,17.19640965
north,14.48582649
north,14.40343917
north,16.31976197
north,14.97482249
north,13.03361014
north,17.17463753
north,15.25560618
north,14.54427124
north,14.84801162
north,15.30445135
north,14.74805994
north,14.79628189
north,17.16747474
north,16.50673243
north,13.98011647
north,15.21910444
north,15.27459413
north,14.9051511
north,15.47532541
north,15.16356551
north,14.0060484
north,13.23528817
north,15.34719956
north,15.10593217
north,15.04792092
north,16.56627748
north,15.15693082
north,15.65985456
north,14.37498668
north,15.88700476
north,15.47168549
north,14.29699302
north,14.99281705
north,14.90922492
north,18.73517523
north,12.69981985
north,15.02520339
north,15.95541141
north,14.736729
north,15.74365744
north,15.42986234
north,14.19248954
north,15.77006358
north,17.13811188
north,13.29837033
north,14.70694773
north,14.38270912
north,14.58927102
north,16.26403405
north,14.18574536
north,14.57985536
north,17.08379832
north,13.63563162
north,16.81880881
north,15.11324483
north,16.04071285
north,15.70706151
north,15.70303085
north,15.26778808
north,16.26331793
north,15.09282861
north,14.82585197
north,15.72091792
north,15.07576384
north,13.86405094
north,16.00426743
north,13.49325693
north,14.77747298
north,15.60496453
north,13.64742193
north,15.4607079
north,12.92543672
north,15.00004882
north,14.50213482
north,14.84995365
north,15.28040057
north,14.7910968
north,14.6847052
north,15.18189263
north,13.52221799
north,14.54334463
north,14.67501047
north,13.4170273
north,14.0287654
north,15.96991756
north,16.07358859
north,14.82215428
north,15.05434754
north,15.15182616
north,13.60205643
north,15.3873066
north,15.11991974
north,14.57528413
north,13.76382939
north,16.73684702
north,13.37564198
north,13.72099345
north,14.78129094
north,16.2722336
north,14.14937019
north,15.18529231
north,15.15204418
north,17.30638279
north,15.97952824
north,14.23849525
north,13.38513516
north,16.174193
north,14.6181625
north,13.80677572
north,14.73229581
north,15.13312626
north,13.9162458
north,14.0798055
north,17.85950165
north,14.76563455
north,15.16561776
north,16.86861103
north,16.02080123
north,15.0767984
north,15.39663716
north,16.64130667
north,15.85531846
north,15.19755838
north,18.93230697
north,16.18018308
north,15.28648584
north,16.54432593
north,14.92702047
north,13.90220623
north,15.19418311
north,13.91066778
north,16.32683128
north,14.20750238
north,14.4511975
north,15.0259018
north,14.56063869
north,16.50923577
north,14.21765576
north,13.97758869
north,14.49301667
north,15.70860644
north,16.8236042
north,13.38607081
north,14.16367192
north,13.15895468
north,14.51804927
north,14.97742868
north,12.78446217
north,13.74771374
north,14.36065743
north,14.45443746
north,16.46818575
north,14.48446155
north,12.91365831
north,14.71154352
north,13.78918494
north,13.64957912
north,15.0421193
north,14.52058681
north,16.51617465
north,15.01899728
north,14.39590046
north,16.98787685
north,14.65689266
north,15.30234579
north,16.35872026
north,15.10033313
north,15.83022114
north,14.2643367
north,13.56055159
north,15.27653337
north,15.19593659
north,13.83814044
north,15.16468994
north,13.92138724
north,15.45641173
north,14.49094382
north,13.76647893
north,13.47950315
north,15.90677479
north,12.74009573
north,13.69665278
north,16.50435136
north,15.54444998
north,13.16895581
north,14.16031759
north,14.51886778
north,13.73317783
north,13.93006559
north,14.03108697
north,15.71924541
north,13.28537621
north,16.19315959
north,15.24834984
north,13.58385422
north,14.96651705
north,15.86183493
north,15.50658266
north,16.57631262
north,15.85487164
north,13.81895497
north,14.10666285
north,13.82814459
north,13.40393083
north,15.09587542
north,15.5499765
north,16.41051614
north,14.53495262
north,14.99302436
north,15.61727414
north,16.38309323
north,16.48279338
north,15.38426365
north,15.57089607
north,18.21927181
north,12.98077358
north,12.70235918
north,15.46170917
north,14.92685077
north,16.86106879
north,15.53972776
north,15.41262752
north,14.53439874
north,15.49041081
north,16.04077833
north,15.50579133
north,16.15662577
north,13.83244098
north,15.68971746
north,16.83188577
north,14.88772558
north,16.09027889
north,16.06000059
north,15.16940716
north,15.079679
north,16.25843601
north,14.49143098
north,14.18479695
north,15.89034475
north,16.69515149
north,14.28757844
north,14.96454488
north,13.35175262
north,15.73041327
north,14.60725859
north,15.46559642
north,13.98694373
north,14.68348341
north,15.0201822
north,15.42248364
north,15.52272263
north,16.16708476
north,14.5579859
north,14.58823329
north,15.66504947
north,13.97845851
north,14.93174242
north,15.38669267
north,14.51174782
north,15.78308089
north,14.40896469
north,15.40140329
north,16.02920745
north,14.59398078
north,14.65279543
north,15.24595171
north,15.40491076
north,15.94699655
north,16.43793991
north,15.4358128
north,14.76439169
north,14.90680552
north,16.4789535
north,14.90429577
north,16.33392108
north,13.37222443
north,13.55813473
north,14.41540739
north,14.54815562
north,14.85739607
north,16.83819205
north,15.95867976
north,14.80208564
north,13.32016785
north,15.10813052
north,15.87882539
north,14.97986531
north,14.25978478
north,14.04988239
north,16.52621362
north,14.37475759
north,15.46592965
north,15.95477846
north,15.56843167
north,14.61135965
north,13.60422512
north,14.72032813
north,14.69182144
north,14.19206593
north,13.74775555
north,13.75139932
north,13.62740506
north,16.37334362
north,14.21339951
north,13.79117336
north,15.45054699
north,13.23318475
north,15.33771482
north,15.05568281
north,14.19297376
north,15.07268068
north,15.13774308
north,14.73392436
north,14.01654359
north,15.76899111
north,14.70968765
north,14.94778209
north,14.25273053
north,15.5244117
north,14.35332251
north,13.8895655
north,14.83838804
north,13.80675231
north,16.72521944
north,16.95652195
north,12.9755518
north,15.41523831
north,16.56984899
north,15.57875272
north,14.65286852
north,15.33803524
north,14.89017689
north,14.47616596
north,13.953069
north,15.92439788
north,15.13762263
north,14.79363446
north,14.55745903
north,15.13825403
north,13.69663356
north,13.73486061
north,14.42322054
north,14.94964514
north,13.38531619
north,14.38620317
north,14.78782427
north,14.43117403
north,16.20750554
north,13.83907092
north,15.90591214
north,14.62607207
north,17.10280655
north,15.82285877
north,15.16173534
north,13.79587569
north,15.33406064
north,15.3082276
north,15.39517444
north,14.56217264
north,16.07407965
north,13.49367483
north,15.73906045
north,14.86763638
north,15.5418532
north,14.58001674
north,16.66036334
north,16.31512106
north,14.96703875
north,12.93011542
north,14.10525231
north,14.56254602
north,15.57223788
north,15.56354477
north,14.88504532
north,15.55766893
north,13.94130751
north,14.30293061
north,13.97378113
north,15.0843872
north,13.52377727
north,13.9801995
north,14.3147415
north,15.16388781
north,16.52813554
north,14.87836444
north,14.27124781
north,15.37292212
north,15.25677861
north,16.11119321
north,15.25504307
north,15.14784762
north,15.02134865
north,14.37466541
north,16.49061902
north,15.42112339
north,14.30517242
north,14.35317108
north,15.12241743
north,14.64932431
north,15.18124692
north,14.7676037
north,14.53971667
north,15.42084059
north,15.74616164
north,15.49103203
north,14.51950371
north,15.84824842
north,15.87078957
north,14.27053329
north,15.98129126
north,15.07996075
north,16.52359712
north,14.03045605
north,15.23194972
north,15.75837018
north,13.75356561
north,13.7604428
north,16.11263821
north,14.99820945
north,15.05304323
north,13.3203269
north,14.89560853
north,15.1666102
north,13.36268034
north,14.38049959
north,14.64433374
east,13.92439018
east,26.44649657
east,13.264044
east,18.94213876
east,23.91233297
east,10.30327386
east,16.06631349
east,21.30199703
east,14.0471237
east,22.09220088
east,18.98857287
east,24.80109265
east,16.85968051
east,8.626470337
east,10.62827158
east,16.66668117
east,11.86988214
east,14.57108769
east,12.69602824
east,8.967750763
east,20.31473906
east,19.72509346
east,19.68059367
east,23.24546348
east,2.177104942
east,1.447985659
east,12.9145463
east,13.26235034
east,15.55772201
east,12.71833691
east,11.94578599
east,13.76683001
east,18.15612801
east,20.43139369
east,14.26294329
east,15.3049727
east,23.83241495
east,10.04904133
east,29.50057025
east,21.34714333
east,19.33066768
east,12.38182969
east,17.75478291
east,14.82382851
east,13.02156645
east,9.334188002
east,18.77917999
east,19.47444564
east,17.88724198
east,9.282609714
east,1.860622575
east,19.90423437
east,15.37902183
east,9.016719388
east,2.76748282
east,15.68481857
east,12.56851448
east,13.02997227
east,13.29227486
east,16.91275755
east,21.36282582
east,18.27704459
east,18.01981318
east,15.845498
east,9.679890737
east,25.14511575
east,9.065648002
east,10.17950544
east,17.89717592
east,20.86279515
east,16.28189105
east,6.536804927
east,0.857549179
east,9.087762027
east,19.45600698
east,22.08760941
east,11.38177508
east,22.98880791
east,21.50431771
east,12.71917027
east,14.49008741
east,12.05889538
east,0.102832308
east,23.92359581
east,12.17871767
east,18.83552539
east,14.9905655
east,12.68761211
east,11.42508947
east,19.0674347
east,19.15625852
east,11.95233083
east,11.67698742
east,16.57975583
east,9.83879119
east,18.6257048
east,16.27462146
east,8.240398765
east,20.7699277
east,15.22142702
east,6.504525154
east,18.1134076
east,14.1931621
east,16.4512482
east,13.81350779
east,22.8202086
east,9.664355827
east,8.236559705
east,12.64553174
east,13.95004663
east,15.59977185
east,16.77619305
east,16.00710741
east,15.48967245
east,10.1861877
east,8.272923355
east,14.79161894
east,23.55248161
east,26.61385874
east,13.69692663
east,7.865976753
east,13.5685523
east,17.40923844
east,17.46678555
east,9.167477861
east,7.149103168
east,17.4099371
east,13.51720192
east,16.35707548
east,24.55125134
east,17.37988059
east,10.79127171
east,14.09416893
east,25.161872
east,13.11196623
east,15.01530239
east,22.25428927
east,22.23248885
east,18.32890594
east,9.064760962
east,13.57324102
east,10.38959186
east,16.10570904
east,24.45765306
east,12.09099333
east,16.37709153
east,19.70953572
east,18.05926126
east,10.5549619
east,18.69581119
east,20.52373509
east,12.38309219
east,14.58465737
east,20.35558039
east,19.25495208
east,15.46296928
east,15.1194251
east,20.55834544
east,14.95845139
east,14.57746547
east,9.614789691
east,20.42560933
east,21.54688709
east,9.946581848
east,15.45682848
east,16.50872925
east,17.04404085
east,20.43233828
east,18.00980615
east,11.77033108
east,15.28281701
east,10.91445992
east,10.14026392
east,12.22291226
east,16.39729582
east,6.001371483
east,15.47515038
east,10.40028564
east,10.46255791
east,12.35588462
east,15.95492804
east,19.73591246
east,23.03529504
east,19.85749727
east,8.712118219
east,7.12317226
east,16.93406473
east,23.99630795
east,9.533437254
east,11.42818255
east,12.80762924
east,8.734132152
east,15.40103863
east,12.18801525
east,12.45098931
east,25.1040424
east,13.15568521
east,8.935834187
east,10.83188127
east,10.17872428
east,10.59063293
east,21.50561892
east,15.39520896
east,11.51792104
east,15.86313515
east,22.18813332
east,11.89250419
east,13.07320873
east,4.571327256
east,16.61134209
east,19.30885658
east,13.5997574
east,10.96681658
east,24.64797949
east,17.53475646
east,11.16301051
east,4.169913776
east,20.16104091
east,18.20222492
east,7.170296434
east,5.662491255
east,22.56030584
east,19.92071397
east,18.24140164
east,10.05084095
east,6.783335053
east,10.4491942
east,16.50535335
east,11.91007277
east,6.493678255
east,21.08876069
east,20.92472052
east,18.50503609
east,16.2189779
east,24.24960753
east,17.2430399
east,29.95113574
east,12.7131818
east,22.89050996
east,18.6867834
east,24.9294574
east,11.11120304
east,8.286787818
east,15.31467675
east,16.02128394
east,13.48261496
east,12.47165031
east,16.58182097
east,12.96810652
east,12.91122151
east,12.02843871
east,10.71379348
east,6.221141877
east,8.967192943
east,7.508867451
east,19.78276037
east,11.54748944
east,20.68934529
east,18.72726605
east,21.82201109
east,17.59318719
east,14.42539226
east,18.994459
east,19.12019577
east,18.0718378
east,20.88763561
east,15.0889275
east,14.25860071
east,9.064466073
east,18.55136138
east,17.26630691
east,12.10378712
east,17.88324182
east,15.5658078
east,12.23401704
east,8.082623928
east,17.63578462
east,17.05991803
east,22.01936068
east,17.91035065
east,18.28263495
east,18.11777228
east,15.75541159
east,20.83900807
east,14.24154531
east,16.9095037
east,10.22724196
east,23.81152372
east,20.74820502
east,16.42711524
east,9.535026115
east,4.821093835
east,16.50134097
east,10.64745224
east,16.07301303
east,12.73467347
east,20.02911302
east,15.82088334
east,13.89260972
east,4.356542204
east,5.588878603
east,14.05427021
east,16.83578644
east,12.82144508
east,8.671034562
east,15.64993122
east,21.74717935
east,17.35508444
east,7.60499093
east,13.72069655
east,11.45323647
east,11.42205148
east,9.808777086
east,23.05906084
east,19.72638424
east,23.30363326
east,8.218984721
east,18.18142786
east,18.82493705
east,23.82088227
east,20.18793264
east,16.51773208
east,15.11718154
east,12.75488662
east,18.41296751
east,17.72439822
east,12.92958901
east,21.10103672
east,15.21170589
east,16.91837762
east,13.80923085
east,15.87674869
east,21.03494311
east,4.938841454
east,10.94671703
east,8.865197322
east,12.01792835
east,14.65699973
east,12.69857656
east,12.2735517
east,7.540512764
east,11.78870264
east,12.96633379
east,12.83932612
east,16.85716016
east,23.97871671
east,13.66967304
east,11.00950835
east,20.88393763
east,5.198691752
east,4.600593445
east,13.24333438
east,17.56119087
east,2.856809468
east,16.66655981
east,20.45705306
east,18.86454603
east,16.77073355
east,18.23054492
east,18.56573616
east,8.564387764
east,10.44331398
east,19.04713697
east,9.458134618
east,16.22602208
east,20.74919966
east,13.45390387
east,22.79190969
east,16.415304
east,13.07244476
east,19.58230198
east,13.04293718
east,33.62857853
east,31.00330159
east,14.32996615
east,16.94594062
east,16.02377101
east,15.42942111
east,13.09505848
east,18.15634539
east,22.712422
east,18.71430607
east,16.41605743
east,11.94763628
east,16.46057991
east,9.764700402
east,20.04560056
east,13.9746984
east,10.3992867
east,17.20776877
east,10.7212262
east,6.683611977
east,7.13065077
east,14.69266551
east,14.61110002
east,17.3917679
east,13.52762761
east,17.56307169
east,12.90299393
east,15.27323868
east,24.91287917
east,12.31456556
east,20.18460912
east,10.13114145
east,21.69683235
east,21.3038652
east,8.935880854
east,21.05357771
east,13.0485181
east,20.42516549
east,8.702486401
east,13.28006424
east,17.54999374
east,9.648843301
east,15.00406777
east,12.96432672
east,24.25184266
east,11.80510696
east,12.796729
east,13.44971149
east,19.28602337
east,23.6402547
east,19.31400866
east,19.64143657
east,17.1301775
east,20.77872402
east,23.71340542
east,17.31749467
east,16.56439905
east,17.50927238
east,4.838975655
east,21.17877852
east,16.19294196
east,13.54349414
east,29.1937238
east,14.24176487
east,13.62481445
east,21.37037793
east,9.541134069
east,17.32964478
east,18.29935445
east,15.54471836
east,22.84282389
east,8.828151775
east,13.60272919
east,12.84948524
east,12.32546997
east,11.80074798
east,14.30188803
east,14.93803996
east,6.635549204
east,19.20759974
east,13.60467614
east,22.25505221
east,16.56606852
east,15.56923813
east,18.03760274
east,14.86881306
east,17.90613928
east,18.7615281
east,17.08101124
east,12.26737409
east,23.8739431
east,15.06792617
east,9.488738499
east,15.24651211
east,14.68310604
east,22.80994123
east,14.47206772
east,14.33220278
east,8.958761777
east,15.51320117
east,21.51166667
east,17.28341692
east,18.46387485
east,7.251091917
east,17.60857548
east,22.4023028
east,9.180935574
east,15.62323286
east,12.66470951
east,9.436776126
east,24.25507384
east,14.60529871
east,18.29719795
east,20.66233102
east,6.736788148
east,22.43593328
east,19.92736918
east,11.91879006
east,18.12105032
east,18.39474245
east,9.912653002
east,16.73568944
east,15.5424476
east,13.15403135
east,16.50287146
east,14.6839826
east,11.20862873
east,7.193446345
east,2.113484491
east,6.57691403
east,7.349641985
east,12.64217521
east,17.25632404
east,15.76001636
east,16.62693159
east,25.18673089
east,11.48096784
east,15.97116656
east,17.12709943
east,3.958077683
east,16.55182651
east,20.22990146
east,13.23327305
east,9.017584912
east,10.9393823
east,21.96990684
east,12.18316545
east,17.73819113
east,18.62955264
east,22.76365733
east,12.1976411
east,12.93878791
east,24.55359037
east,10.3270747
east,18.40462588
east,9.529735055
east,12.98285273
east,12.29553942
east,15.13104044
east,17.80264651
east,13.74476745
east,12.61468753
east,15.30508415
east,10.77076941
east,20.39609208
east,15.73504028
east,25.41553686
east,12.51498671
east,12.9502054
east,17.06821601
east,18.85874369
east,19.93124048
east,5.541241311
east,10.54593281
east,15.99326176
east,18.26169468
east,20.63061954
east,13.1055715
east,15.31297368
east,16.38039701
east,18.17022999
east,17.06352588
east,8.416501367
east,10.44627006
east,16.74602306
east,10.33159524
east,11.71766985
east,14.91030268
east,9.610938502
east,19.07794549
east,22.27085814
east,13.73111612
east,18.32982552
east,16.88933254
east,14.6329958
east,19.54118547
east,20.32523229
east,17.50899765
east,11.89397041
east,9.562721825
east,17.44078915
east,2.198373904
east,21.85305259
east,11.8669109
east,16.46868855
east,11.18395523
east,19.25101881
east,14.14060263
east,22.6644534
east,13.01026828
east,19.65257561
east,15.36933715
east,18.10023608
east,17.24760033
east,7.853819912
east,14.96075927
east,14.29612234
east,20.30876307
east,6.076709206
east,11.48561403
east,8.469771996
east,17.16457718
east,12.14177425
east,17.09935605
east,14.17354779
east,12.25867956
east,6.20027175
east,22.12502995
east,13.76618921
east,15.02532395
east,9.648763272
east,18.18756688
east,21.85427358
east,24.14947656
east,3.868942647
east,11.66129468
east,25.73630151
east,10.97932852
east,13.80566325
east,7.36689321
east,11.56995421
east,21.99081827
east,15.59952621
east,17.11776891
east,12.00937331
east,24.94687748
east,18.12508713
east,15.06724624
east,19.50025364
east,13.00003514
east,18.02850832
east,12.74941029
east,12.7926408
east,13.51208481
east,3.947286765
east,19.64111644
east,14.41906479
east,18.2358832
east,7.100088347
east,12.92440962
east,13.2174009
east,9.501778028
east,15.77885193
east,17.3542218
east,8.225937709
east,13.34937823
east,15.66259288
east,15.8578395
east,18.81380983
east,5.430302806
east,19.28812793
east,16.28629235
east,14.13836808
east,15.9379379
east,13.32725814
east,10.81073196
east,15.33956837
east,18.05966086
east,14.50350156
east,14.95700424
east,26.97164548
east,14.70055986
east,16.75339767
east,15.68407445
east,16.02482979
east,20.85635176
east,17.39243239
east,19.45683945
east,9.384589717
east,18.15203876
east,22.32531401
east,17.03471355
east,10.33521964
east,13.65689112
east,23.2447856
east,17.32746929
east,11.23313661
east,11.63596563
east,6.400352198
east,18.04003603
east,16.69367308
east,7.100403891
east,11.59826382
east,9.529108338
east,9.890900926
east,10.3196528
east,16.52334708
east,17.07968953
east,22.30947342
east,20.55283625
east,13.19420876
east,10.71988378
east,19.13078022
east,20.86054039
east,24.05089779
east,8.10713352
east,20.19936897
east,22.00058237
east,12.33435036
east,21.92372405
east,13.43667847
east,22.89181069
east,11.03310288
east,30.5911459
east,23.81983224
east,13.79472583
east,11.91819443
east,12.78981767
east,13.57913908
east,12.53279169
east,20.47738685
east,7.980622316
east,15.19623135
east,15.9837428
east,14.21011277
east,13.89042197
east,17.18940433
east,12.86099404
east,21.81927925
east,16.88875907
east,11.13746783
east,19.48584073
east,11.86349044
east,7.613254378
east,16.32600377
east,9.790014976
east,16.19915659
east,12.91621895
east,16.40489429
east,11.43096956
east,24.78597303
east,13.18500514
east,16.47494328
east,21.42134848
east,15.02438681
east,4.678142554
east,8.218148843
east,10.40870708
east,21.33042945
east,6.089987939
east,16.90286417
east,13.36790629
east,8.975253125
east,21.59124542
east,11.66349954
east,16.854992
east,12.24281617
east,19.16186293
east,11.07844911
east,18.0973632
east,16.13091118
east,10.23871032
east,24.31939472
east,19.01715214
east,20.05374554
east,13.60925798
east,16.51768275
east,10.20049674
east,22.74121069
east,17.05014637
east,15.87508648
east,12.63834226
east,13.07318945
east,16.88316946
east,16.04111742
east,16.71675973
east,26.9628783
east,15.26845236
east,13.48445173
east,8.395763394
east,19.81467234
east,14.06569349
east,12.55063344
east,7.218650452
east,12.23020094
east,10.51634248
east,18.56776421
east,17.90701935
east,14.98813845
east,15.14968843
east,13.9128022
east,17.10134057
east,8.786020435
east,15.76219435
east,12.97062204
east,17.02160427
east,26.76237157
east,14.59885282
east,25.45392837
east,13.30056172
east,11.51020371
east,6.120828168
east,14.75492997
east,21.26918413
east,17.25658304
east,15.39940112
east,9.812956969
east,22.96110854
east,16.77376806
east,19.84311601
east,15.60839083
east,13.49017499
east,11.72934286
east,20.05939536
east,14.0691894
east,23.72517308
east,21.11577079
east,19.16934195
east,6.642890115
east,17.83317717
east,9.385377357
east,21.96604924
east,13.34408495
east,18.45830979
east,8.414423375
east,16.23980687
east,16.80024982
east,11.13819
east,12.33519686
east,21.04029994
east,15.76111299
east,17.75728231
east,17.80315856
east,23.41418367
east,6.216732635
east,16.35096073
east,19.69273682
east,15.68151702
east,23.67543875
east,6.001621657
east,15.05586126
east,7.154837014
east,14.25598784
east,15.00405182
east,20.38255249
east,17.3404476
east,10.70441401
east,15.96756034
east,18.25727561
east,19.55197714
east,14.17905858
east,11.55346827
east,15.69501319
east,10.31185992
east,12.56115619
east,12.66151852
east,17.93771538
east,17.78218743
east,10.79408701
east,12.55153289
east,18.25692767
east,14.47132125
east,2.571633496
east,12.50782328
east,12.92304057
east,6.774055357
east,11.34489936
east,7.65899133
east,8.014348877
east,5.600206949
east,20.01177269
east,13.99323321
east,16.689682
east,13.89316282
east,13.52068174
east,7.018074221
east,11.35677719
east,10.95508126
east,18.71989175
east,16.36969493
east,16.43192293
east,9.310029501
east,19.16597407
east,13.85530449
east,16.03070215
east,16.36941762
east,13.10097689
east,13.06714285
east,18.06892004
east,22.75734012
east,19.70606212
east,8.169845033
east,16.85433715
east,19.85222708
east,16.09076567
east,14.08667273
east,13.44095169
east,17.34878724
east,9.769340349
east,18.97583032
east,19.95075907
east,15.35269728
east,12.10876491
east,21.22984946
east,17.14829596
east,20.5191754
east,10.1055481
east,17.54239057
east,27.60375859
east,10.10443849
east,12.57875802
east,20.58266619
east,11.51499551
east,19.78526474
east,5.774362975
east,17.96243747
east,22.50696199
east,13.86979188
east,11.8442088
east,16.08037968
east,15.76892757
east,7.908802688
east,17.98384106
east,8.666262421
east,13.96249674
east,12.2078909
east,11.73820295
east,12.57182103
east,19.6952065
east,14.32416739
east,10.14527135
east,14.90271883
east,17.93623093
east,19.05994287
east,19.21711974
east,11.69579842
east,16.09808732
east,19.47950649
east,5.888196313
east,10.36030062
east,11.17630667
east,20.66890402
east,17.30557276
east,16.83650483
east,17.84768853
east,19.19101765
east,13.91858155
east,14.74780583
east,13.40343411
east,12.40907481
east,22.15331226
east,19.80187256
east,17.40634052
east,26.88223938
east,19.62186919
east,23.89066764
east,16.45289396
east,16.22051591
east,8.210021339
east,14.30283369
east,27.42724176
east,9.762134361
east,15.3060005
east,24.14374889
east,17.02163866
east,21.45146782
east,22.21647108
east,17.75013712
east,18.56497813
east,13.1337667
east,25.44281832
east,14.64827346
east,9.579212387
east,13.66218209
east,14.98398924
east,16.58016376
east,21.74748729
east,5.682553454
east,14.29930685
east,18.85944929
east,10.54630379
east,17.74269998
east,17.21120962
east,23.01862042
east,15.05342517
east,16.21899743
east,14.83146607
east,19.40032182
east,13.53617931
east,11.92346189
east,12.90011343
east,18.30477463
east,10.79117597
east,12.88215619
east,10.2761835
east,11.83589568
east,16.00704253
east,11.59562375
east,11.98243597
east,19.40271846
east,22.2494244
east,8.852435703
east,17.60110415
east,21.67539419
east,23.92749369
east,22.18926371
east,20.54161764
east,13.02302773
east,10.27490401
east,14.56224301
east,23.76284797
east,13.88792068
east,14.52438585
east,12.24292203
east,13.14989864
east,11.73614661
east,25.23288711
east,15.97933643
south,5.493239316
south,4.427148753
south,5.129069656
south,5.347014877
south,5.42179722
south,5.446602528
south,4.973217401
south,4.230011265
south,5.004094838
south,4.757162801
south,5.865601528
south,4.741109692
south,5.321545851
south,4.527801655
south,6.249661733
south,4.30200196
south,4.937672755
south,5.147721635
south,5.067136728
south,4.940732312
south,4.669735555
south,5.393827215
south,4.25460857
south,4.93243026
south,5.52002609
south,4.640899793
south,5.345650028
south,5.59680068
south,4.976207757
south,4.422823399
south,4.905910253
south,5.340238593
south,5.086194549
south,5.455051388
south,5.364013693
south,4.826162119
south,5.038270775
south,4.997090822
south,5.103426351
south,5.109725078
south,5.563738046
south,4.35614947
south,4.287108396
south,5.859237762
south,5.584985128
south,4.658932137
south,5.417410484
south,4.907325184
south,5.090906361
south,5.424002849
south,4.770236696
south,5.301278642
south,4.294909069
south,4.84047572
south,5.079651614
south,4.948884893
south,5.968637028
south,4.887969289
south,5.521274668
south,5.383500651
south,4.245275964
south,4.86506298
south,4.967052046
south,4.461442984
south,5.236789518
south,5.218621507
south,4.799915668
south,4.188078146
south,3.882001351
south,4.500836162
south,4.775964015
south,5.691606326
south,5.715389053
south,4.793854365
south,5.834474988
south,5.007110897
south,4.98239179
south,4.920627543
south,5.077512344
south,4.090199092
south,5.421560947
south,5.278342875
south,4.432269422
south,4.652548939
south,4.71692394
south,5.366612011
south,4.959362983
south,4.785236328
south,5.076410481
south,5.005292355
south,5.143373145
south,4.73008445
south,5.701021488
south,4.568498282
south,4.669636455
south,4.776510825
south,5.055944384
south,4.616643194
south,5.311410149
south,5.465774721
south,4.395582448
south,5.040997715
south,5.469060805
south,4.788143564
south,3.939708954
south,5.454500846
south,5.38872158
south,4.807318888
south,5.25795713
south,5.057400507
south,5.380274774
south,4.932032332
south,4.771437073
south,5.194842154
south,4.786939643
south,5.669232316
south,5.569441211
south,5.94675261
south,5.171533866
south,6.517521286
south,5.360267449
south,5.033918066
south,5.408113407
south,5.072923557
south,5.015875441
south,5.561012604
south,3.559924471
south,4.440032347
south,4.813374233
south,4.865716209
south,4.441257974
south,5.033253777
south,5.659099164
south,4.238039055
south,5.116571223
south,5.844742495
south,4.415112585
south,4.995209138
south,5.291374547
south,5.249139625
south,5.131191649
south,5.723431428
south,5.056310429
south,5.426040307
south,5.239390777
south,4.62383431
south,4.603168452
south,4.850597091
south,5.408501767
south,5.319291356
south,5.330638019
south,4.860075234
south,5.275957115
south,4.900094653
south,4.575178272
south,5.614514735
south,5.112404543
south,5.230271435
south,5.342370347
south,4.494374056
south,4.749827436
south,5.240398916
south,4.802899953
south,4.233619299
south,5.106268282
south,5.630681212
south,5.280817979
south,4.693409532
south,4.142011969
south,4.584098263
south,4.26920228
south,6.033115271
south,4.637306155
south,4.628731368
south,3.970093349
south,4.675943234
south,5.431751635
south,4.137094274
south,4.952635979
south,5.344414322
south,4.261123077
south,6.282236635
south,5.359300328
south,4.876399606
south,4.709992196
south,4.836958121
south,5.12932126
south,5.443439399
south,4.456393224
south,4.489121126
south,4.775881966
south,5.43980288
south,4.402533028
south,5.047346758
south,5.055503383
south,5.058624119
south,5.570705828
south,5.191756059
south,5.047021383
south,4.997695481
south,5.061338609
south,5.322817794
south,4.85732927
south,4.194032847
south,5.443525866
south,4.579798654
south,4.830792771
south,4.092598358
south,4.834081716
south,5.085414358
south,5.696847229
south,5.249437074
south,4.510572327
south,4.830798912
south,4.021882231
south,4.692403201
south,5.433605983
south,4.83608801
south,4.978548566
south,4.852592993
south,4.826826394
south,4.785147802
south,5.988890139
south,4.852414366
south,4.831367452
south,4.650006184
south,4.431637908
south,4.972557766
south,4.535114705
south,4.296486384
south,5.721268296
south,4.908473552
south,4.236860836
south,4.288193264
south,5.546034611
south,4.968714199
south,5.625180877
south,5.387937406
south,5.538709984
south,5.575847513
south,5.101834108
south,3.954056496
south,3.846439524
south,4.682588448
south,5.542727632
south,4.34521576
south,4.584284836
south,4.66103016
south,5.147345276
south,5.443674219
south,5.058553049
south,4.713418855
south,4.464426523
south,4.891684886
south,4.624901442
south,4.980659493
south,5.796732805
south,5.715908622
south,4.601195704
south,4.35647299
south,5.232059579
south,4.955566232
south,4.232846657
south,5.131612755
south,5.382431145
south,4.549480684
south,4.512478122
south,4.557371612
south,5.43263654
south,5.160296808
south,4.621151744
south,5.887472819
south,4.815980931
south,5.306255401
south,4.356265605
south,5.239303011
south,4.296477023
south,5.123131409
south,4.720050983
south,5.615563646
south,5.216751715
south,4.903909736
south,5.578454778
south,5.456754303
south,4.374433292
south,5.152991958
south,4.858429871
south,5.539219471
south,4.805792371
south,4.767600193
south,5.174809757
south,5.41785762
south,4.294214003
south,4.766914648
south,4.973239929
south,4.650079621
south,4.486963749
south,5.168496154
south,5.980531392
south,4.950074043
south,4.540188326
south,5.355682832
south,4.664503898
south,5.023416092
south,5.617993108
south,4.348828438
south,5.310473405
south,5.060990251
south,4.864223422
south,5.127441205
south,4.384601627
south,4.664956127
south,4.970792883
south,4.751010636
south,4.22028606
south,4.548096801
south,5.153305256
south,6.273546311
south,4.955903774
south,4.964238562
south,5.194317019
south,4.671083947
south,4.759548341
south,5.327848309
south,4.221872639
south,5.651051556
south,4.585353559
south,4.959353544
south,5.49826953
south,4.851434979
south,5.268997356
south,4.791743216
south,5.93980039
south,4.638685116
south,4.879310421
south,4.879774563
south,4.678829979
south,5.128584415
south,5.098127677
south,4.181037337
south,5.605149193
south,4.562061067
south,5.397123038
south,5.430567457
south,4.346605911
south,5.741325544
south,5.624485956
south,5.336466022
south,4.673202678
south,5.016705372
south,4.890037868
south,4.966319153
south,5.105213093
south,5.372306994
south,5.386671458
south,6.118898244
south,4.759837244
south,5.814503958
south,5.530181692
south,5.22527116
south,4.96191839
south,5.548073567
south,4.881297783
south,5.030399417
south,4.99004837
south,5.813647926
south,5.486067068
south,4.781926482
south,4.381033326
south,5.010617577
south,5.056864179
south,4.92708087
south,5.010258457
south,4.840815727
south,5.285083596
south,4.616251068
south,5.658785313
south,4.389319106
south,4.238609118
south,5.144955172
south,5.416996392
south,5.77905708
south,4.603985921
south,5.795073141
south,5.564920983
south,5.133908245
south,5.388343413
south,5.566535447
south,4.486763604
south,5.762022376
south,5.675766594
south,5.31133601
south,5.025989941
south,5.347327745
south,5.49048218
south,5.947978819
south,5.920666999
south,4.916756211
south,5.348768107
south,5.394431198
south,4.869384907
south,5.514581727
south,4.862203926
south,5.14163745
south,5.356694221
south,5.067862837
south,5.117987877
south,4.380494388
south,4.023684629
south,5.301978471
south,4.881008715
south,4.751564323
south,5.21245671
south,5.514395824
south,4.025183578
south,5.306380507
south,5.170079925
south,4.370905271
south,4.207237999
south,4.633156522
south,4.556220801
south,4.927866312
south,4.977049897
south,4.892995819
south,4.839354976
south,4.045155162
south,4.828222042
south,4.685517413
south,5.341747666
south,4.220903072
south,5.624702779
south,4.873580077
south,5.216531398
south,5.810344059
south,4.879093755
south,4.43576055
south,5.010570749
south,4.854032481
south,4.451269482
south,4.763448493
south,4.606832056
south,5.474069441
south,5.261986566
south,5.101639538
south,4.410200697
south,4.799262287
south,6.457152307
south,4.266208128
south,4.252750586
south,5.428196443
south,4.212662182
south,5.883510681
south,4.635879998
south,4.556864212
south,6.092495405
south,4.961450326
south,4.62175886
south,4.75826061
south,4.932104289
south,4.808945261
south,4.148929012
south,4.962907797
south,5.19228504
south,3.566233474
south,5.282264356
south,4.778058257
south,4.414898075
south,4.891921964
south,5.683966066
south,5.012636329
south,4.24305883
south,4.612760222
south,4.311308463
south,4.695328971
south,4.69076934
south,4.910285743
south,5.219198877
south,5.952074694
south,4.766062566
south,4.564739304
south,4.97678155
south,4.96482238
south,5.875476004
south,5.78391852
south,4.644149052
south,5.292219032
south,5.778318141
south,5.373398828
south,4.403523945
south,4.802126742
south,4.49654858
south,4.982993065
south,5.74606853
south,6.272774866
south,5.272816716
south,4.201583154
south,4.664135005
south,4.605147358
south,4.788499052
south,4.930057308
south,24.7413481
south,27.15203325
south,24.38779298
south,25.41337514
south,24.96116591
south,22.59808985
south,22.62957222
south,24.32668271
south,24.60859313
south,23.43189057
south,24.34695545
south,25.139096
south,27.03583356
south,26.9601487
south,25.55775002
south,26.3722085
south,23.6736141
south,26.47471584
south,26.02385917
south,22.76722159
south,23.98141119
south,23.22046854
south,25.88503514
south,26.54677428
south,25.91694247
south,22.35517238
south,26.23580998
south,22.14638986
south,25.16970209
south,24.08516073
south,21.9481967
south,25.10558825
south,23.38921956
south,25.64566169
south,23.70355005
south,25.06879636
south,23.00297972
south,23.70736751
south,23.51037504
south,26.87325569
south,23.87970399
south,23.92750287
south,25.06962806
south,23.25627105
south,24.83580082
south,24.24379508
south,24.16367219
south,24.66028221
south,24.96479782
south,23.23067528
south,23.65446045
south,26.30642087
south,26.15743502
south,25.60961043
south,27.17753673
south,26.91628983
south,26.27985216
south,25.03895908
south,25.8578948
south,25.87147268
south,25.85977454
south,23.94543714
south,25.02075535
south,24.56320118
south,28.03017217
south,23.35943097
south,22.74078447
south,23.93751481
south,23.15369676
south,24.24150946
south,26.59264137
south,24.8078468
south,25.22133605
south,24.21302335
south,26.55880027
south,23.87566145
south,27.9575797
south,24.68383128
south,24.06713499
south,24.25877571
south,25.92831952
south,26.93815544
south,23.35168948
south,23.0759648
south,29.08285846
south,24.45271482
south,26.30289661
south,23.67818893
south,26.49556507
south,28.47435924
south,19.17406143
south,26.86600814
south,27.1598751
south,22.87786659
south,21.15482207
south,22.12631415
south,26.50223255
south,24.70436173
south,23.99698665
south,23.33218694
south,24.11304662
south,25.76952439
south,22.39191955
south,28.26471567
south,24.45101754
south,24.97530575
south,25.13725888
south,25.8357705
south,26.5754193
south,25.36547939
south,24.41662128
south,23.897107
south,21.95962663
south,24.55574324
south,23.25023804
south,21.92047127
south,23.10180963
south,27.82059695
south,23.0387167
south,27.4673532
south,25.13286819
south,24.55560603
south,23.82500395
south,25.74024409
south,24.62917622
south,26.7327383
south,27.91435029
south,27.20828919
south,27.54434972
south,22.73718715
south,27.86505614
south,25.80085418
south,28.38495477
south,28.96017506
south,24.44292805
south,29.06877876
south,22.38431665
south,26.62373009
south,27.95597399
south,21.85286173
south,25.88576186
south,26.2789859
south,25.35512718
south,26.6969439
south,25.24568918
south,23.5024886
south,26.58518565
south,25.01589167
south,21.63768853
south,27.27172949
south,24.75486611
south,27.92733726
south,20.102819
south,30.51632234
south,28.47926781
south,25.42915311
south,26.10527892
south,23.82234999
south,24.91271485
south,23.11413296
south,23.46437776
south,25.49699783
south,26.64586918
south,24.6776508
south,21.48023559
south,25.55557728
south,26.85865986
south,26.23522699
south,26.83371989
south,26.49072314
south,26.84179939
south,24.14062432
south,20.90069661
south,25.14383421
south,25.92236438
south,24.24780697
south,20.95699044
south,24.63340614
south,24.66053257
south,25.87949202
south,25.98764033
south,25.13682182
south,25.90983686
south,28.3113573
south,25.45008986
south,24.90015598
south,27.97533718
south,28.53490462
south,22.64392145
south,24.6035464
south,24.90415577
south,26.79139285
south,27.71222613
south,25.88132601
south,23.06409292
south,27.46790766
south,26.99371342
south,26.76825229
south,26.99127585
south,26.5567811
south,27.80981538
south,22.49749955
south,24.28867008
south,21.27041022
south,22.66123946
south,26.67651479
south,24.02514988
south,22.83922416
south,28.86808067
south,20.94684737
south,19.71465336
south,22.53073815
south,25.82035141
south,25.37165969
south,25.50546656
south,27.23437995
south,28.01552789
south,24.07586568
south,23.99526069
south,21.8080664
south,27.26845071
south,23.43860741
south,22.63103811
south,24.40819311
south,25.26981619
south,25.38250015
south,27.78822383
south,25.6278224
south,25.19411885
south,25.40810871
south,29.09638899
south,22.96542127
south,23.74071203
south,21.74881389
south,28.88236864
south,25.73794097
south,25.73799489
south,20.66969537
south,26.73326325
south,25.56703364
south,25.19143918
south,24.66160469
south,23.66943485
south,25.10305763
south,28.52507561
south,27.83196835
south,24.07147175
south,22.72992886
south,21.7050085
south,23.19322312
south,26.6137352
south,26.41122263
south,25.53577668
south,25.84958907
south,24.85772224
south,23.87784285
south,26.85512488
south,19.26750647
south,25.4801731
south,23.05613075
south,25.80769565
south,26.05695864
south,22.29699574
south,25.36010251
south,24.01103803
south,26.12555229
south,23.01419937
south,25.02564641
south,26.28865749
south,23.80666276
south,22.6722432
south,25.87501676
south,24.85934889
south,28.19084309
south,21.91589816
south,22.27982522
south,28.94657357
south,27.25015862
south,23.90982465
south,23.49051102
south,26.08735022
south,24.9324588
south,22.77570549
south,26.46099652
south,25.5775151
south,23.60829203
south,24.12501875
south,23.93536689
south,28.14230069
south,26.8858055
south,24.11039339
south,28.01731268
south,27.38568025
south,24.41346592
south,23.47466497
south,24.13231132
south,23.12525227
south,27.23902022
south,24.58706447
south,25.80084374
south,27.73189658
south,21.96977748
south,23.30885608
south,21.75498778
south,24.30308545
south,23.49931623
south,29.11134338
south,26.97920896
south,25.01399082
south,23.43374347
south,24.6061242
south,23.79965176
south,28.01668526
south,25.69942955
south,23.15587088
south,23.32326315
south,22.13645568
south,23.13691684
south,26.71806737
south,25.57658778
south,24.88875923
south,22.75517714
south,26.7216817
south,26.82914225
south,27.22173398
south,23.93971228
south,21.95004012
south,27.38875273
south,26.51690098
south,25.45009296
south,28.28102428
south,23.95408966
south,25.50964624
south,24.83489455
south,25.68080241
south,25.08744715
south,21.5306742
south,23.81871621
south,21.98241904
south,26.00466468
south,28.08507707
south,27.806197
south,22.70779291
south,23.73590063
south,24.91908702
south,24.00669757
south,27.59367269
south,20.65159639
south,24.76095299
south,25.72275471
south,27.38062054
south,26.32408997
south,26.44169833
south,26.73470873
south,25.08414481
south,25.11634664
south,26.17227828
south,25.31590705
south,23.70370309
south,27.91324564
south,26.23881681
south,24.70876656
south,29.63200422
south,25.71780548
south,22.4946576
south,27.32874638
south,26.59761328
south,26.52867117
south,20.03178672
south,21.36024509
south,25.89726838
south,27.78591703
south,27.16339464
south,25.83346015
south,27.42967774
south,25.6518921
south,26.46063873
south,24.5937358
south,25.57480068
south,25.7766446
south,28.49346003
south,22.73165279
south,22.95040593
south,26.17787841
south,25.02891909
south,27.0369213
south,25.45564589
south,22.29812661
south,21.94703639
south,24.72459697
south,25.41856292
south,21.96953598
south,28.4488371
south,27.59834625
south,26.870974
south,26.88748944
south,25.04868941
south,22.67916114
south,25.41137154
south,23.23468877
south,24.42392185
south,26.99606523
south,20.65718215
south,27.24603422
south,22.70166992
south,23.00125177
south,26.54884479
south,27.23206859
south,26.57634712
south,28.05727267
south,28.63039334
south,27.68221026
south,24.28518142
south,25.57598172
south,23.51587853
south,20.76675822
south,23.75615213
south,25.84517784
south,25.89523117
south,22.55286711
south,27.32842927
south,23.10506731
south,25.7553313
south,24.90921052
south,21.57941558
south,26.13699612
south,27.85176034
south,24.53049357
south,23.73995217
south,24.5954581
south,23.19762576
south,21.74144721
south,22.57866643
south,27.69670743
south,21.59153056
south,25.04153212
south,27.04512591
south,24.47557027
south,29.62326016
south,25.38441321
south,21.73461376
south,27.47611495
south,28.56927271
south,24.7700042
south,23.02774021
south,25.92017568
south,23.12120119
south,30.24806146
south,27.65011609
south,22.63787906
south,27.43474353
south,29.14442703
south,25.02935464
south,26.08285032
south,24.70474624
south,23.91543333
south,24.725003
south,32.67707212
south,23.66564031
south,24.00114953
south,23.64376795
south,25.08871209
south,23.66546469
south,25.1153012
south,21.96728954
south,23.51437125
south,27.14468342
south,25.64914547
south,24.61043636
south,27.08806676
south,25.2309007
south,27.06505929
south,23.50114619
south,27.2309007
south,26.64324282
south,25.54942301
south,25.10208793
south,23.35474606
south,22.77171768
south,27.77240256
south,28.14937182
south,28.42486561
south,23.04963669
south,26.79384809
south,23.80146152
south,25.80281716
south,25.81547226
south,27.03974984
south,24.13157183
south,21.08710178
south,17.2610108
south,26.37163217
south,27.78365772
south,23.174703
south,21.22927357
south,26.32464784
south,21.06043685
south,24.88620134
south,23.73971678
south,25.84513544
west,3.414924962
west,2.696666296
west,27.08370946
west,17.27845636
west,26.18384839
west,9.744458206
west,4.666367944
west,16.41094915
west,6.881923245
west,16.42570891
west,28.28060442
west,7.234269935
west,12.28745688
west,6.919180001
west,0.501986181
west,24.61326821
west,5.858456986
west,5.331511453
west,1.197236655
west,27.99720199
west,22.77759893
west,24.65241889
west,23.11266429
west,28.84445352
west,19.45445531
west,15.06448441
west,9.240448005
west,1.886921825
west,16.1030912
west,27.92546121
west,21.41945742
west,23.72330972
west,3.921079903
west,26.31524135
west,13.8183148
west,29.12386157
west,7.424082183
west,9.313808978
west,0.864142855
west,3.065809614
west,4.309526961
west,7.551438992
west,0.453872178
west,6.583082476
west,29.90580346
west,22.07123778
west,5.11290516
west,16.81243036
west,2.30174266
west,12.84920759
west,10.32102289
west,15.02638785
west,19.009517
west,15.63026151
west,14.96805872
west,6.736922676
west,20.78268642
west,4.856310538
west,3.394640645
west,21.76510565
west,16.72920423
west,29.75102676
west,27.75426389
west,10.11984311
west,1.146420655
west,12.65088624
west,26.04126033
west,3.555049994
west,17.54670974
west,12.76783478
west,18.44162149
west,4.815304123
west,10.19517847
west,8.567782023
west,2.89222698
west,24.86615129
west,28.53791497
west,10.73453037
west,16.06221444
west,1.749793533
west,15.72137071
west,12.53242213
west,9.902074502
west,5.70671398
west,18.44573973
west,10.51207999
west,12.0435273
west,9.365623856
west,20.50205364
west,10.8768766
west,4.499252269
west,13.89897985
west,24.90819911
west,1.288513436
west,26.05428279
west,6.083275911
west,8.373447047
west,28.56388078
west,0.938367785
west,25.79408735
west,6.638826721
west,24.23803025
west,17.46613434
west,24.0781177
west,23.9680163
west,12.11301325
west,17.17669817
west,23.96467613
west,11.43600438
west,14.23521712
west,15.73207134
west,14.14125105
west,24.53265249
west,25.20978061
west,14.85044599
west,8.102432142
west,10.60067167
west,19.75314422
west,26.79739889
west,20.75793518
west,26.23098997
west,2.132216657
west,19.26564731
west,25.92411285
west,27.08175828
west,21.22439548
west,28.11318598
west,5.996530722
west,0.444989302
west,6.78033038
west,19.91765097
west,4.97839089
west,3.73832922
west,4.726678517
west,18.20617512
west,29.68765566
west,18.0147053
west,6.477046972
west,5.920225808
west,5.720860837
west,0.724447179
west,8.472510029
west,16.21409101
west,20.19909492
west,26.03467283
west,25.25788457
west,20.45011894
west,6.185274529
west,25.43539966
west,26.68786971
west,0.459004326
west,14.09579156
west,0.54827464
west,13.69239601
west,28.64552991
west,22.65837115
west,11.30619371
west,4.130084685
west,13.34585178
west,24.27052379
west,23.75668412
west,25.51020357
west,21.89120847
west,14.37953652
west,23.38950325
west,6.29019971
west,21.14251493
west,28.02544006
west,27.14485642
west,6.595610802
west,9.883085203
west,22.18835643
west,8.555478849
west,8.892062735
west,1.036373063
west,8.454582382
west,2.637367586
west,4.564664389
west,25.11407924
west,26.07419338
west,29.87213437
west,14.40905391
west,7.916615945
west,25.04284285
west,29.9853731
west,5.646309284
west,12.75132951
west,1.387836076
west,26.17552815
west,21.90457991
west,27.88597498
west,6.653034061
west,23.78073558
west,8.086180673
west,8.77173397
west,27.75508221
west,26.94541098
west,1.647680292
west,12.88269274
west,24.81769125
west,20.28065777
west,6.737048293
west,6.601312591
west,9.063634621
west,24.8754525
west,13.0575436
west,9.800277594
west,18.16585268
west,26.55019067
west,3.890477442
west,20.47033629
west,8.443040403
west,7.830113028
west,25.60445738
west,19.70365439
west,18.25937225
west,19.42667658
west,13.30674541
west,1.154731975
west,16.71023982
west,4.832068391
west,11.33856665
west,25.62014528
west,4.641738161
west,8.821160027
west,5.154805232
west,11.07124749
west,18.85530461
west,22.87037526
west,11.65421217
west,28.54106354
west,16.47672682
west,13.24571365
west,14.31519164
west,10.76548314
west,29.03575736
west,23.14354634
west,11.159657
west,29.55972682
west,3.266489985
west,13.5444059
west,0.814089817
west,1.024508122
west,12.41344275
west,26.48178304
west,18.56083708
west,13.42119389
west,7.725237294
west,1.052470116
west,25.45706796
west,9.34324238
west,18.4377304
west,17.55335632
west,9.372883304
west,13.80353208
west,21.4911211
west,3.098200753
west,10.47354089
west,10.16374615
west,20.53071166
west,11.32152152
west,29.69882956
west,27.8330316
west,3.138119511
west,11.8572044
west,10.54776215
west,0.971018134
west,19.99001037
west,1.514590757
west,7.170224609
west,10.49128492
west,25.63942527
west,25.04132936
west,18.48399562
west,4.126554583
west,10.25258328
west,13.52392604
west,15.84644035
west,27.15706923
west,5.294197435
west,5.452680204
west,28.62645459
west,22.36146919
west,13.37378658
west,10.10499175
west,19.53152442
west,13.19173568
west,22.41809782
west,2.011599394
west,10.2379707
west,11.21260815
west,5.293315512
west,18.91853028
west,12.51940059
west,19.6348275
west,16.9141203
west,3.838668221
west,21.11362333
west,24.17003715
west,4.399960223
west,10.02428039
west,21.23554444
west,7.091656365
west,19.94376621
west,14.65500724
west,7.972178555
west,3.802959009
west,26.61766162
west,3.671132696
west,1.972155003
west,6.527157119
west,1.375066114
west,13.94136647
west,19.99253736
west,11.22228566
west,27.55559577
west,23.71012019
west,29.11011432
west,4.36767515
west,26.51664159
west,3.180325544
west,21.46995822
west,10.25828255
west,17.10396711
west,21.10245354
west,7.254790433
west,19.71975374
west,14.45218773
west,27.36244502
west,20.40072034
west,15.64839507
west,27.6025965
west,2.368028455
west,13.48537956
west,8.22933072
west,11.33680749
west,2.28773958
west,27.92176467
west,11.2900488
west,19.95846609
west,2.974414509
west,4.181752084
west,4.271599122
west,27.83413302
west,1.267205151
west,6.031954796
west,17.95859745
west,1.328751252
west,8.651873055
west,14.4102264
west,22.33822467
west,26.88695419
west,19.79255979
west,21.92261092
west,19.41398185
west,22.20985712
west,17.02200103
west,23.27221165
west,21.53837345
west,29.37770298
west,8.070634869
west,11.35430944
west,28.67130137
west,23.43056539
west,11.42441821
west,25.77154566
west,7.874950832
west,21.47736074
west,28.57965393
west,15.83429344
west,14.9140658
west,24.56228445
west,20.13744411
west,9.083471687
west,22.69016564
west,20.16049185
west,6.774208776
west,21.45045941
west,20.53228481
west,11.61945399
west,24.66941065
west,2.710534064
west,18.7035916
west,16.112135
west,15.12282059
west,11.77411088
west,12.46219716
west,14.17604468
west,13.28673986
west,14.56172825
west,1.934547205
west,4.353774113
west,28.11252378
west,14.18103907
west,13.71910808
west,22.63098093
west,23.4254498
west,20.81995073
west,15.32264736
west,11.49408224
west,25.86990047
west,22.64999661
west,4.443230561
west,26.23013256
west,10.71922895
west,19.63938292
west,3.453950873
west,19.68692766
west,22.28338671
west,14.45973079
west,1.142079988
west,0.273615669
west,17.17453664
west,19.44935371
west,12.42147995
west,14.13514693
west,5.31836821
west,20.7385348
west,11.27008437
west,3.55865971
west,29.36301156
west,9.865501283
west,19.2693001
west,27.04297994
west,3.185168942
west,27.8145728
west,25.41755625
west,23.35111255
west,25.99452924
west,8.074884138
west,28.81960832
west,22.14609498
west,9.207810892
west,17.91195133
west,3.603386544
west,10.51161133
west,21.52507476
west,2.115281022
west,11.86144688
west,18.52125837
west,14.75876489
west,9.812700169
west,21.22068238
west,4.995157127
west,5.547156546
west,7.751734864
west,24.35502944
west,15.98381947
west,14.09858796
west,4.769453597
west,24.80630922
west,24.86971656
west,6.406504281
west,2.274596707
west,16.8385458
west,19.75768578
west,15.91167521
west,26.38356097
west,24.70495597
west,13.54727346
west,8.047210041
west,3.273646776
west,11.01037488
west,6.248489872
west,3.315393948
west,10.8163714
west,21.54401639
west,3.802660787
west,18.95977921
west,10.42194075
west,19.17445363
west,19.71116357
west,24.75477281
west,14.94444131
west,20.02423408
west,16.12062672
west,18.66923117
west,14.65190675
west,22.85991528
west,5.715244892
west,0.448895982
west,22.53040247
west,18.01736079
west,25.75641647
west,12.04024851
west,17.64982206
west,17.16585591
west,18.99998
west,25.53880719
west,23.7952503
west,15.62039444
west,28.85384729
west,0.251644305
west,1.242985027
west,17.64869048
west,15.11484282
west,27.23375988
west,5.344253588
west,21.45604189
west,11.16502269
west,13.19448799
west,19.72627943
west,20.97287226
west,28.52999671
west,16.88242498
west,29.18898793
west,9.063479786
west,1.002475976
west,10.47934282
west,25.10126749
west,19.16028556
west,6.90719258
west,15.68611942
west,13.42330641
west,0.735761847
west,26.99950932
west,19.48001671
west,10.00887738
west,18.36961489
west,6.964063919
west,18.36640758
west,29.06625868
west,3.691223008
west,20.35750906
west,11.68994131
west,24.96426319
west,21.15600461
west,21.52768123
west,22.60539321
west,15.08564103
west,4.442822209
west,0.472309124
west,14.98411296
west,19.97972776
west,22.91083108
west,8.774114053
west,1.255768561
west,29.35180397
west,5.984611781
west,24.54096212
west,20.77284609
west,21.38865947
west,2.373611187
west,14.26510207
west,7.147930255
west,17.83220136
west,21.51295624
west,11.21736606
west,13.80964392
west,21.92610116
west,1.528653516
west,1.552219531
west,6.662308399
west,12.32663549
west,26.94335218
west,23.58563202
west,5.617761626
west,17.99899748
west,4.411924048
west,14.10003721
west,2.472016364
west,19.09292105
west,16.28729944
west,28.28920726
west,3.436330757
west,28.63146117
west,3.041665438
west,5.535111031
west,19.80230496
west,29.84699587
west,25.7744904
west,17.80768804
west,6.108038498
west,22.37043855
west,10.52771
west,8.751602224
west,6.021925996
west,19.86740518
west,26.56759392
west,1.392315247
west,7.393604647
west,29.11439076
west,28.78425349
west,3.850852721
west,28.30239668
west,25.02196166
west,21.72829082
west,29.67470638
west,27.92867984
west,23.22444607
west,24.35454838
west,7.430839625
west,3.028504446
west,19.70430016
west,26.169337
west,10.49578343
west,10.34151977
west,4.501532977
west,10.16104389
west,25.14998214
west,25.32690495
west,11.08846342
west,4.237625271
west,19.02077418
west,11.48092556
west,1.091581886
west,14.76965199
west,4.429479204
west,26.75745221
west,26.33964452
west,5.789478596
west,11.78235482
west,29.17150946
west,29.96425543
west,13.04696102
west,18.58438696
west,5.310284737
west,8.492606194
west,11.87133415
west,27.86223383
west,26.29050675
west,22.70322355
west,9.613002534
west,12.36089623
west,29.96915808
west,19.87927055
west,18.03035685
west,11.81265406
west,6.261361695
west,16.65252492
west,25.68086713
west,8.959558366
west,24.16209168
west,11.13071848
west,8.992381026
west,1.188934708
west,1.3394274
west,12.00911365
west,17.59119085
west,4.65419902
west,1.689752948
west,23.47637032
west,15.96052264
west,1.03546408
west,17.66858562
west,28.03827005
west,26.79746379
west,1.282614169
west,8.325244279
west,8.402018056
west,1.213129987
west,20.14925596
west,8.602217864
west,9.012064061
west,23.49773329
west,7.907505403
west,8.583489347
west,7.596644999
west,1.127219852
west,8.401707534
west,23.92763064
west,13.26673158
west,8.702909164
west,15.85393979
west,20.16127522
west,21.97475443
west,21.16283747
west,27.19247349
west,0.932473268
west,20.16875604
west,28.48393119
west,20.66269275
west,24.77406867
west,27.3532809
west,27.19516165
west,10.81527451
west,23.49636473
west,22.63036179
west,5.519156882
west,23.51710291
west,15.8221445
west,4.844872579
west,19.26759859
west,1.84538652
west,10.08382739
west,9.1279041
west,0.091758119
west,2.857545807
west,0.231888851
west,23.15091107
west,4.926705414
west,21.19621997
west,3.507392658
west,18.89245024
west,12.38207112
west,7.632065553
west,5.064424791
west,14.00170643
west,15.51909581
west,27.08706475
west,3.646686666
west,3.927672284
west,26.02899067
west,29.58467123
west,25.94158053
west,20.38491407
west,27.71568858
west,14.19837472
west,3.949198416
west,15.1837174
west,19.46937856
west,10.0658793
west,11.26433947
west,24.12125427
west,18.67347839
west,11.50116391
west,15.64539221
west,14.68345103
west,9.430969069
west,17.67332169
west,27.9069234
west,2.949978083
west,3.208015817
west,3.686159856
west,27.71607106
west,7.481446622
west,14.67445939
west,4.157786455
west,4.500629778
west,12.03962781
west,20.6241137
west,3.554206132
west,22.4021261
west,22.80757838
west,27.62505467
west,16.5111241
west,12.32268074
west,13.05872507
west,15.11136041
west,0.554932945
west,25.26941958
west,7.857208578
west,9.120748721
west,2.053084555
west,17.16925647
west,6.245875759
west,26.58519924
west,14.13859297
west,2.437951772
west,2.918904747
west,13.84915791
west,13.00781793
west,20.99248434
west,11.00280679
west,15.13047152
west,22.0654212
west,0.111671844
west,2.533633404
west,6.485416763
west,25.22269013
west,12.88325481
west,5.431714801
west,8.930229745
west,29.54795761
west,6.364166779
west,17.57782717
west,28.02073431
west,5.423812259
west,15.6897553
west,16.05595283
west,20.93853684
west,15.84903802
west,23.46254341
west,9.12175897
west,21.59286131
west,8.465752092
west,29.04445996
west,11.6234546
west,20.31586539
west,28.49899686
west,5.409740119
west,28.77541625
west,4.215525084
west,24.57352926
west,5.399361863
west,12.38493715
west,11.86254824
west,23.34767165
west,28.33699283
west,15.25011167
west,16.27873658
west,21.26117474
west,13.74089578
west,18.1693975
west,0.483112705
west,10.33130097
west,17.55741833
west,17.0867058
west,23.08204945
west,8.797248679
west,17.05621784
west,21.85330468
west,13.05951321
west,2.875140477
west,8.867572853
west,16.86123716
west,22.31887244
west,10.79045506
west,14.06641867
west,20.99382848
west,23.22935921
west,3.872855084
west,9.309502174
west,18.75055362
west,28.05615347
west,29.34975918
west,1.100499399
west,29.47898885
west,28.45477401
west,20.17540049
west,8.457153565
west,18.91190478
west,13.11348495
west,14.26038654
west,0.627041704
west,7.480880327
west,19.64952554
west,16.40355485
west,15.29370727
west,10.8762639
west,22.5352578
west,14.24663996
west,18.51743093
west,18.63383658
west,21.36827551
west,11.70956242
west,4.034248469
west,29.63504861
west,15.62381009
west,28.85501321
west,11.65106136
west,13.06218437
west,21.38202921
west,24.32072483
west,28.75022299
west,25.64114677
west,23.13658036
west,5.723710824
west,1.439932901
west,17.48034688
west,28.47373904
west,5.387391374
west,27.49199971
west,27.18203834
west,0.843286843
west,20.76541194
west,6.438137877
west,9.508073127
west,19.4925691
west,4.88305425
west,24.55777477
west,29.46955194
west,5.088427425
west,0.290131902
west,27.12656431
west,4.105823769
west,7.227395698
west,28.74634644
west,6.518945131
west,10.19243538
west,20.80335386
west,24.31943446
west,25.33056605
west,14.32905095
west,4.009737249
west,17.61179835
west,26.00214828
west,20.83361989
west,28.08567271
west,12.70959395
west,14.25102439
west,6.301882735
west,18.35430631
west,22.01040223
west,19.05863078
west,7.010853721
west,2.091924967
west,27.12509566
west,27.76369552
west,0.152571669
west,17.93976938
west,21.90905817
west,28.88026209
west,2.109871174
west,22.63342037
west,7.041912535
west,2.79646243
west,2.450195288
west,13.65726177
west,28.21328783
west,26.68933391
west,19.71434791
west,16.36862503
west,2.037727435
west,10.10866967
west,21.37957697
west,13.79736525
west,16.25429458
west,24.91705048
west,3.875495126
west,20.05174094
west,28.84695877
west,7.260230253
west,19.33858423
west,27.56961302
west,20.24295179
west,6.984741641
west,0.037566572
west,20.66890358
west,16.11597961
west,21.30916437
west,22.46038999
west,4.962694722
west,7.217822636
west,15.23492294
west,10.27317313
west,16.5764074
west,27.04602897
west,20.1317469
west,16.04366313
west,0.206309629
west,1.043872393
west,3.878174918
west,8.307891099
west,17.75709925
west,8.025286747
west,28.84879932
west,10.47692666
west,23.50566977
west,29.81977533
west,12.42427248
west,15.71034068
west,4.5723137
west,9.106347144
west,26.39018072
west,16.89075966
west,6.455628339
west,23.58342652
west,28.23259895
west,15.28872137
west,12.18324929
west,21.02206427
west,11.29094447
west,4.014750556
west,8.558221282
west,11.094631
west,6.238684533
west,3.881551679
west,12.35627195
west,1.791767094
west,16.84188281
west,9.285957925
west,5.274689121
west,20.29366402
west,8.244282638
west,20.1118884
west,15.55796862
west,1.396075215
west,11.92132926
west,8.221764104
west,25.58619178
west,8.172067394
west,4.017913195
west,27.62543291
west,28.20004088
west,25.21847428
west,23.87700521
west,4.810557961
west,2.346642874
west,8.023994816
west,4.444461165
west,7.334427
west,2.582645479
west,17.24530635
west,11.98567247
west,0.141966278
west,7.527208161
west,28.97236133
west,28.80683448
west,15.01902363
west,25.07823881
west,18.3655191
west,28.68457456
west,2.465766014
west,27.8378068
west,24.45264465
west,6.845593387
west,15.34303807
west,27.91488805
west,20.34042256
